<?xml version="1.0" encoding="UTF-8"?><rss version="2.0"
	xmlns:content="http://purl.org/rss/1.0/modules/content/"
	xmlns:wfw="http://wellformedweb.org/CommentAPI/"
	xmlns:dc="http://purl.org/dc/elements/1.1/"
	xmlns:atom="http://www.w3.org/2005/Atom"
	xmlns:sy="http://purl.org/rss/1.0/modules/syndication/"
	xmlns:slash="http://purl.org/rss/1.0/modules/slash/"
	>

<channel>
	<title>kopi nirwana</title>
	<atom:link href="/feed/" rel="self" type="application/rss+xml" />
	<link>/</link>
	<description>Selamat datang di Nirwana - Tempat di Mana Setiap Tegukan adalah Petualangan</description>
	<lastBuildDate>Fri, 22 Sep 2023 12:31:04 +0000</lastBuildDate>
	<language>id</language>
	<sy:updatePeriod>
	hourly	</sy:updatePeriod>
	<sy:updateFrequency>
	1	</sy:updateFrequency>
	<generator>https://wordpress.org/?v=6.3.1</generator>
	<item>
		<title>Halo dunia!</title>
		<link>/halo-dunia/</link>
					<comments>/halo-dunia/#comments</comments>
		
		<dc:creator><![CDATA[muhammat-suchaimi.online]]></dc:creator>
		<pubDate>Fri, 22 Sep 2023 12:31:04 +0000</pubDate>
				<category><![CDATA[Blog]]></category>
		<guid isPermaLink="false">/?p=1</guid>

					<description><![CDATA[Selamt datang di WordPress. Ini adalah pos pertama Anda. Sunting atau hapus, kemudian mulai menulis!]]></description>
										<content:encoded><![CDATA[
<p>Selamt datang di WordPress. Ini adalah pos pertama Anda. Sunting atau hapus, kemudian mulai menulis!</p>
]]></content:encoded>
					
					<wfw:commentRss>/halo-dunia/feed/</wfw:commentRss>
			<slash:comments>1</slash:comments>
		
		
			</item>
		<item>
		<title>Blending Family Holiday Traditions Through a Shared Love of Food</title>
		<link>/blending-family-holiday-traditions-through-a-shared-love-of-food/</link>
					<comments>/blending-family-holiday-traditions-through-a-shared-love-of-food/#respond</comments>
		
		<dc:creator><![CDATA[muhammat-suchaimi.online]]></dc:creator>
		<pubDate>Thu, 02 Dec 2021 01:52:51 +0000</pubDate>
				<category><![CDATA[Uncategorized]]></category>
		<guid isPermaLink="false">https://demosites.royal-elementor-addons.com/restaurant-v1/?p=222</guid>

					<description><![CDATA[Holidey we surrounded possession frequently he. Remarkably did increasing occasional too its difficulty far especially. Known tiled but sorry joy balls. Bed sudden manner indeed fat now feebly. Face do with in need of wife paid that be. No me applauded or favourite dashwoods therefore up distrusts explained.]]></description>
										<content:encoded><![CDATA[		<div data-elementor-type="wp-post" data-elementor-id="222" class="elementor elementor-222">
									<section class="elementor-section elementor-top-section elementor-element elementor-element-eaff366 elementor-section-boxed elementor-section-height-default elementor-section-height-default wpr-particle-no wpr-jarallax-no wpr-parallax-no wpr-sticky-section-no" data-id="eaff366" data-element_type="section">
						<div class="elementor-container elementor-column-gap-default">
					<div class="elementor-column elementor-col-100 elementor-top-column elementor-element elementor-element-74fc5d3d" data-id="74fc5d3d" data-element_type="column">
			<div class="elementor-widget-wrap elementor-element-populated">
								<div class="elementor-element elementor-element-2be5728d elementor-widget elementor-widget-text-editor" data-id="2be5728d" data-element_type="widget" data-widget_type="text-editor.default">
				<div class="elementor-widget-container">
			<style>/*! elementor - v3.16.0 - 20-09-2023 */
.elementor-widget-text-editor.elementor-drop-cap-view-stacked .elementor-drop-cap{background-color:#69727d;color:#fff}.elementor-widget-text-editor.elementor-drop-cap-view-framed .elementor-drop-cap{color:#69727d;border:3px solid;background-color:transparent}.elementor-widget-text-editor:not(.elementor-drop-cap-view-default) .elementor-drop-cap{margin-top:8px}.elementor-widget-text-editor:not(.elementor-drop-cap-view-default) .elementor-drop-cap-letter{width:1em;height:1em}.elementor-widget-text-editor .elementor-drop-cap{float:left;text-align:center;line-height:1;font-size:50px}.elementor-widget-text-editor .elementor-drop-cap-letter{display:inline-block}</style>				<!-- wp:paragraph -->
<p>Holidey we surrounded possession frequently he. Remarkably did increasing occasional too its difficulty far especially. Known tiled but sorry joy balls. Bed sudden manner indeed fat now feebly. Face do with in need of wife paid that be. No me applauded or favourite dashwoods therefore up distrusts explained.  </p>
<!-- /wp:paragraph -->						</div>
				</div>
					</div>
		</div>
							</div>
		</section>
							</div>
		]]></content:encoded>
					
					<wfw:commentRss>/blending-family-holiday-traditions-through-a-shared-love-of-food/feed/</wfw:commentRss>
			<slash:comments>0</slash:comments>
		
		
			</item>
		<item>
		<title>Celebrate the Season with Holiday Wine from Around the World</title>
		<link>/celebrate-the-season-with-holiday-wine-from-around-the-world/</link>
					<comments>/celebrate-the-season-with-holiday-wine-from-around-the-world/#respond</comments>
		
		<dc:creator><![CDATA[muhammat-suchaimi.online]]></dc:creator>
		<pubDate>Thu, 02 Dec 2021 01:51:23 +0000</pubDate>
				<category><![CDATA[Uncategorized]]></category>
		<guid isPermaLink="false">https://demosites.royal-elementor-addons.com/restaurant-v1/?p=220</guid>

					<description><![CDATA[Beautiful we surrounded possession frequently he. Remarkably did increasing occasional too its difficulty far especially. Known tiled but sorry joy balls. Bed sudden manner indeed fat now feebly. Face do with in need of wife paid that be. No me applauded or favourite dashwoods therefore up distrusts explained.]]></description>
										<content:encoded><![CDATA[		<div data-elementor-type="wp-post" data-elementor-id="220" class="elementor elementor-220">
									<section class="elementor-section elementor-top-section elementor-element elementor-element-66793a6a elementor-section-boxed elementor-section-height-default elementor-section-height-default wpr-particle-no wpr-jarallax-no wpr-parallax-no wpr-sticky-section-no" data-id="66793a6a" data-element_type="section">
						<div class="elementor-container elementor-column-gap-default">
					<div class="elementor-column elementor-col-100 elementor-top-column elementor-element elementor-element-58a11485" data-id="58a11485" data-element_type="column">
			<div class="elementor-widget-wrap elementor-element-populated">
								<div class="elementor-element elementor-element-488435c8 elementor-widget elementor-widget-text-editor" data-id="488435c8" data-element_type="widget" data-widget_type="text-editor.default">
				<div class="elementor-widget-container">
							<!-- wp:paragraph -->
<p>Beautiful we surrounded possession frequently he. Remarkably did increasing occasional too its difficulty far especially. Known tiled but sorry joy balls. Bed sudden manner indeed fat now feebly. Face do with in need of wife paid that be. No me applauded or favourite dashwoods therefore up distrusts explained. </p>
<!-- /wp:paragraph -->						</div>
				</div>
					</div>
		</div>
							</div>
		</section>
							</div>
		]]></content:encoded>
					
					<wfw:commentRss>/celebrate-the-season-with-holiday-wine-from-around-the-world/feed/</wfw:commentRss>
			<slash:comments>0</slash:comments>
		
		
			</item>
		<item>
		<title>Mexican-Inspired Casseroles for Family-Pleasing Dinners</title>
		<link>/mexican-inspired-casseroles-for-family-pleasing-dinners/</link>
					<comments>/mexican-inspired-casseroles-for-family-pleasing-dinners/#respond</comments>
		
		<dc:creator><![CDATA[muhammat-suchaimi.online]]></dc:creator>
		<pubDate>Thu, 02 Dec 2021 01:50:24 +0000</pubDate>
				<category><![CDATA[Uncategorized]]></category>
		<guid isPermaLink="false">https://demosites.royal-elementor-addons.com/restaurant-v1/?p=215</guid>

					<description><![CDATA[Admiration we surrounded possession frequently he. Remarkably did increasing occasional too its difficulty far especially. Known tiled but sorry joy balls. Bed sudden manner indeed fat now feebly. Face do with in need of wife paid that be. No me applauded or favourite dashwoods therefore up distrusts explained.]]></description>
										<content:encoded><![CDATA[		<div data-elementor-type="wp-post" data-elementor-id="215" class="elementor elementor-215">
									<section class="elementor-section elementor-top-section elementor-element elementor-element-2c191043 elementor-section-boxed elementor-section-height-default elementor-section-height-default wpr-particle-no wpr-jarallax-no wpr-parallax-no wpr-sticky-section-no" data-id="2c191043" data-element_type="section">
						<div class="elementor-container elementor-column-gap-default">
					<div class="elementor-column elementor-col-100 elementor-top-column elementor-element elementor-element-3fb7e0df" data-id="3fb7e0df" data-element_type="column">
			<div class="elementor-widget-wrap elementor-element-populated">
								<div class="elementor-element elementor-element-4f516bfc elementor-widget elementor-widget-text-editor" data-id="4f516bfc" data-element_type="widget" data-widget_type="text-editor.default">
				<div class="elementor-widget-container">
							<!-- wp:paragraph -->
<p>Admiration we surrounded possession frequently he. Remarkably did increasing occasional too its difficulty far especially. Known tiled but sorry joy balls. Bed sudden manner indeed fat now feebly. Face do with in need of wife paid that be. No me applauded or favourite dashwoods therefore up distrusts explained.</p>
<!-- /wp:paragraph -->						</div>
				</div>
					</div>
		</div>
							</div>
		</section>
							</div>
		]]></content:encoded>
					
					<wfw:commentRss>/mexican-inspired-casseroles-for-family-pleasing-dinners/feed/</wfw:commentRss>
			<slash:comments>0</slash:comments>
		
		
			</item>
	</channel>
</rss>
