<?xml version="1.0" encoding="UTF-8"?><rss version="2.0"
	xmlns:content="http://purl.org/rss/1.0/modules/content/"
	xmlns:dc="http://purl.org/dc/elements/1.1/"
	xmlns:atom="http://www.w3.org/2005/Atom"
	xmlns:sy="http://purl.org/rss/1.0/modules/syndication/"
	
	>
<channel>
	<title>
	Komentar di: Mexican-Inspired Casseroles for Family-Pleasing Dinners	</title>
	<atom:link href="/mexican-inspired-casseroles-for-family-pleasing-dinners/feed/" rel="self" type="application/rss+xml" />
	<link>/mexican-inspired-casseroles-for-family-pleasing-dinners/</link>
	<description>Selamat datang di Nirwana - Tempat di Mana Setiap Tegukan adalah Petualangan</description>
	<lastBuildDate>Thu, 02 Dec 2021 01:50:24 +0000</lastBuildDate>
	<sy:updatePeriod>
	hourly	</sy:updatePeriod>
	<sy:updateFrequency>
	1	</sy:updateFrequency>
	<generator>https://wordpress.org/?v=6.3.1</generator>
</channel>
</rss>
