<?xml version="1.0" encoding="UTF-8"?><rss version="2.0"
	xmlns:content="http://purl.org/rss/1.0/modules/content/"
	xmlns:wfw="http://wellformedweb.org/CommentAPI/"
	xmlns:dc="http://purl.org/dc/elements/1.1/"
	xmlns:atom="http://www.w3.org/2005/Atom"
	xmlns:sy="http://purl.org/rss/1.0/modules/syndication/"
	xmlns:slash="http://purl.org/rss/1.0/modules/slash/"
	>

<channel>
	<title>Blog &#8211; kopi nirwana</title>
	<atom:link href="/category/blog/feed/" rel="self" type="application/rss+xml" />
	<link>/</link>
	<description>Selamat datang di Nirwana - Tempat di Mana Setiap Tegukan adalah Petualangan</description>
	<lastBuildDate>Fri, 22 Sep 2023 12:31:04 +0000</lastBuildDate>
	<language>id</language>
	<sy:updatePeriod>
	hourly	</sy:updatePeriod>
	<sy:updateFrequency>
	1	</sy:updateFrequency>
	<generator>https://wordpress.org/?v=6.3.1</generator>
	<item>
		<title>Halo dunia!</title>
		<link>/halo-dunia/</link>
					<comments>/halo-dunia/#comments</comments>
		
		<dc:creator><![CDATA[muhammat-suchaimi.online]]></dc:creator>
		<pubDate>Fri, 22 Sep 2023 12:31:04 +0000</pubDate>
				<category><![CDATA[Blog]]></category>
		<guid isPermaLink="false">/?p=1</guid>

					<description><![CDATA[Selamt datang di WordPress. Ini adalah pos pertama Anda. Sunting atau hapus, kemudian mulai menulis!]]></description>
										<content:encoded><![CDATA[
<p>Selamt datang di WordPress. Ini adalah pos pertama Anda. Sunting atau hapus, kemudian mulai menulis!</p>
]]></content:encoded>
					
					<wfw:commentRss>/halo-dunia/feed/</wfw:commentRss>
			<slash:comments>1</slash:comments>
		
		
			</item>
	</channel>
</rss>
